{"description": "", "citation": "", "homepage": "", "license": "", "features": {"question": {"dtype": "string", "_type": "Value"}, "subject": {"dtype": "string", "_type": "Value"}, "choices": {"feature": {"dtype": "string", "_type": "Value"}, "_type": "Sequence"}, "answer": {"names": ["A", "B", "C", "D"], "_type": "ClassLabel"}}, "builder_name": "parquet", "dataset_name": "mmlu", "config_name": "sociology", "version": {"version_str": "0.0.0", "major": 0, "minor": 0, "patch": 0}, "splits": {"test": {"name": "test", "num_bytes": 68870, "num_examples": 201, "dataset_name": "mmlu"}, "validation": {"name": "validation", "num_bytes": 7461, "num_examples": 22, "dataset_name": "mmlu"}, "dev": {"name": "dev", "num_bytes": 1667, "num_examples": 5, "dataset_name": "mmlu"}}, "download_checksums": {"hf://datasets/cais/mmlu@c30699e8356da336a370243923dbaf21066bb9fe/sociology/test-00000-of-00001.parquet": {"num_bytes": 43920, "checksum": null}, "hf://datasets/cais/mmlu@c30699e8356da336a370243923dbaf21066bb9fe/sociology/validation-00000-of-00001.parquet": {"num_bytes": 8355, "checksum": null}, "hf://datasets/cais/mmlu@c30699e8356da336a370243923dbaf21066bb9fe/sociology/dev-00000-of-00001.parquet": {"num_bytes": 4205, "checksum": null}}, "download_size": 56480, "dataset_size": 77998, "size_in_bytes": 134478}