{"description": "", "citation": "", "homepage": "", "license": "", "features": {"question": {"dtype": "string", "_type": "Value"}, "subject": {"dtype": "string", "_type": "Value"}, "choices": {"feature": {"dtype": "string", "_type": "Value"}, "_type": "Sequence"}, "answer": {"names": ["A", "B", "C", "D"], "_type": "ClassLabel"}}, "builder_name": "parquet", "dataset_name": "mmlu", "config_name": "econometrics", "version": {"version_str": "0.0.0", "major": 0, "minor": 0, "patch": 0}, "splits": {"test": {"name": "test", "num_bytes": 48374, "num_examples": 114, "dataset_name": "mmlu"}, "validation": {"name": "validation", "num_bytes": 5149, "num_examples": 12, "dataset_name": "mmlu"}, "dev": {"name": "dev", "num_bytes": 1713, "num_examples": 5, "dataset_name": "mmlu"}}, "download_checksums": {"hf://datasets/cais/mmlu@c30699e8356da336a370243923dbaf21066bb9fe/econometrics/test-00000-of-00001.parquet": {"num_bytes": 24480, "checksum": null}, "hf://datasets/cais/mmlu@c30699e8356da336a370243923dbaf21066bb9fe/econometrics/validation-00000-of-00001.parquet": {"num_bytes": 7019, "checksum": null}, "hf://datasets/cais/mmlu@c30699e8356da336a370243923dbaf21066bb9fe/econometrics/dev-00000-of-00001.parquet": {"num_bytes": 4541, "checksum": null}}, "download_size": 36040, "dataset_size": 55236, "size_in_bytes": 91276}