{"description": "", "citation": "", "homepage": "", "license": "", "features": {"question": {"dtype": "string", "_type": "Value"}, "subject": {"dtype": "string", "_type": "Value"}, "choices": {"feature": {"dtype": "string", "_type": "Value"}, "_type": "Sequence"}, "answer": {"names": ["A", "B", "C", "D"], "_type": "ClassLabel"}}, "builder_name": "parquet", "dataset_name": "mmlu", "config_name": "miscellaneous", "version": {"version_str": "0.0.0", "major": 0, "minor": 0, "patch": 0}, "splits": {"test": {"name": "test", "num_bytes": 161101, "num_examples": 783, "dataset_name": "mmlu"}, "validation": {"name": "validation", "num_bytes": 15791, "num_examples": 86, "dataset_name": "mmlu"}, "dev": {"name": "dev", "num_bytes": 773, "num_examples": 5, "dataset_name": "mmlu"}}, "download_checksums": {"hf://datasets/cais/mmlu@c30699e8356da336a370243923dbaf21066bb9fe/miscellaneous/test-00000-of-00001.parquet": {"num_bytes": 98558, "checksum": null}, "hf://datasets/cais/mmlu@c30699e8356da336a370243923dbaf21066bb9fe/miscellaneous/validation-00000-of-00001.parquet": {"num_bytes": 13170, "checksum": null}, "hf://datasets/cais/mmlu@c30699e8356da336a370243923dbaf21066bb9fe/miscellaneous/dev-00000-of-00001.parquet": {"num_bytes": 3369, "checksum": null}}, "download_size": 115097, "dataset_size": 177665, "size_in_bytes": 292762}