{"description": "", "citation": "", "homepage": "", "license": "", "features": {"question": {"dtype": "string", "_type": "Value"}, "subject": {"dtype": "string", "_type": "Value"}, "choices": {"feature": {"dtype": "string", "_type": "Value"}, "_type": "Sequence"}, "answer": {"names": ["A", "B", "C", "D"], "_type": "ClassLabel"}}, "builder_name": "parquet", "dataset_name": "mmlu", "config_name": "moral_disputes", "version": {"version_str": "0.0.0", "major": 0, "minor": 0, "patch": 0}, "splits": {"test": {"name": "test", "num_bytes": 114078, "num_examples": 346, "dataset_name": "mmlu"}, "validation": {"name": "validation", "num_bytes": 13097, "num_examples": 38, "dataset_name": "mmlu"}, "dev": {"name": "dev", "num_bytes": 1834, "num_examples": 5, "dataset_name": "mmlu"}}, "download_checksums": {"hf://datasets/cais/mmlu@c30699e8356da336a370243923dbaf21066bb9fe/moral_disputes/test-00000-of-00001.parquet": {"num_bytes": 60902, "checksum": null}, "hf://datasets/cais/mmlu@c30699e8356da336a370243923dbaf21066bb9fe/moral_disputes/validation-00000-of-00001.parquet": {"num_bytes": 10734, "checksum": null}, "hf://datasets/cais/mmlu@c30699e8356da336a370243923dbaf21066bb9fe/moral_disputes/dev-00000-of-00001.parquet": {"num_bytes": 4407, "checksum": null}}, "download_size": 76043, "dataset_size": 129009, "size_in_bytes": 205052}