{"description": "", "citation": "", "homepage": "", "license": "", "features": {"question_id": {"dtype": "int64", "_type": "Value"}, "category": {"dtype": "string", "_type": "Value"}, "turns": {"feature": {"dtype": "string", "_type": "Value"}, "_type": "Sequence"}, "prompt_style": {"dtype": "string", "_type": "Value"}}, "builder_name": "json", "dataset_name": "sorry-bench-202503", "config_name": "default", "version": {"version_str": "0.0.0", "major": 0, "minor": 0, "patch": 0}, "splits": {"train": {"name": "train", "num_bytes": 7743849, "num_examples": 9240, "dataset_name": "sorry-bench-202503"}}, "download_checksums": {"hf://datasets/sorry-bench/sorry-bench-202503@612a4e1f45db8adf884fa62318ddf9fa1c6e75e9/question.jsonl": {"num_bytes": 92842, "checksum": null}, "hf://datasets/sorry-bench/sorry-bench-202503@612a4e1f45db8adf884fa62318ddf9fa1c6e75e9/question_ascii.jsonl": {"num_bytes": 1507288, "checksum": null}, "hf://datasets/sorry-bench/sorry-bench-202503@612a4e1f45db8adf884fa62318ddf9fa1c6e75e9/question_atbash.jsonl": {"num_bytes": 979035, "checksum": null}, "hf://datasets/sorry-bench/sorry-bench-202503@612a4e1f45db8adf884fa62318ddf9fa1c6e75e9/question_authority_endorsement.jsonl": {"num_bytes": 334453, "checksum": null}, "hf://datasets/sorry-bench/sorry-bench-202503@612a4e1f45db8adf884fa62318ddf9fa1c6e75e9/question_caesar.jsonl": {"num_bytes": 1015082, "checksum": null}, "hf://datasets/sorry-bench/sorry-bench-202503@612a4e1f45db8adf884fa62318ddf9fa1c6e75e9/question_evidence-based_persuasion.jsonl": {"num_bytes": 403925, "checksum": null}, "hf://datasets/sorry-bench/sorry-bench-202503@612a4e1f45db8adf884fa62318ddf9fa1c6e75e9/question_expert_endorsement.jsonl": {"num_bytes": 312982, "checksum": null}, "hf://datasets/sorry-bench/sorry-bench-202503@612a4e1f45db8adf884fa62318ddf9fa1c6e75e9/question_logical_appeal.jsonl": {"num_bytes": 283632, "checksum": null}, "hf://datasets/sorry-bench/sorry-bench-202503@612a4e1f45db8adf884fa62318ddf9fa1c6e75e9/question_misrepresentation.jsonl": {"num_bytes": 336657, "checksum": null}, "hf://datasets/sorry-bench/sorry-bench-202503@612a4e1f45db8adf884fa62318ddf9fa1c6e75e9/question_misspellings.jsonl": {"num_bytes": 89811, "checksum": null}, "hf://datasets/sorry-bench/sorry-bench-202503@612a4e1f45db8adf884fa62318ddf9fa1c6e75e9/question_morse.jsonl": {"num_bytes": 1445980, "checksum": null}, "hf://datasets/sorry-bench/sorry-bench-202503@612a4e1f45db8adf884fa62318ddf9fa1c6e75e9/question_question.jsonl": {"num_bytes": 91125, "checksum": null}, "hf://datasets/sorry-bench/sorry-bench-202503@612a4e1f45db8adf884fa62318ddf9fa1c6e75e9/question_role_play.jsonl": {"num_bytes": 146519, "checksum": null}, "hf://datasets/sorry-bench/sorry-bench-202503@612a4e1f45db8adf884fa62318ddf9fa1c6e75e9/question_slang.jsonl": {"num_bytes": 84108, "checksum": null}, "hf://datasets/sorry-bench/sorry-bench-202503@612a4e1f45db8adf884fa62318ddf9fa1c6e75e9/question_technical_terms.jsonl": {"num_bytes": 164294, "checksum": null}, "hf://datasets/sorry-bench/sorry-bench-202503@612a4e1f45db8adf884fa62318ddf9fa1c6e75e9/question_translate-fr.jsonl": {"num_bytes": 110898, "checksum": null}, "hf://datasets/sorry-bench/sorry-bench-202503@612a4e1f45db8adf884fa62318ddf9fa1c6e75e9/question_translate-ml.jsonl": {"num_bytes": 234335, "checksum": null}, "hf://datasets/sorry-bench/sorry-bench-202503@612a4e1f45db8adf884fa62318ddf9fa1c6e75e9/question_translate-mr.jsonl": {"num_bytes": 197737, "checksum": null}, "hf://datasets/sorry-bench/sorry-bench-202503@612a4e1f45db8adf884fa62318ddf9fa1c6e75e9/question_translate-ta.jsonl": {"num_bytes": 230905, "checksum": null}, "hf://datasets/sorry-bench/sorry-bench-202503@612a4e1f45db8adf884fa62318ddf9fa1c6e75e9/question_translate-zh-cn.jsonl": {"num_bytes": 90551, "checksum": null}, "hf://datasets/sorry-bench/sorry-bench-202503@612a4e1f45db8adf884fa62318ddf9fa1c6e75e9/question_uncommon_dialects.jsonl": {"num_bytes": 101417, "checksum": null}}, "download_size": 8253576, "dataset_size": 7743849, "size_in_bytes": 15997425}