{"description": "", "citation": "", "homepage": "", "license": "", "features": {"question": {"dtype": "string", "_type": "Value"}, "subject": {"dtype": "string", "_type": "Value"}, "choices": {"feature": {"dtype": "string", "_type": "Value"}, "_type": "Sequence"}, "answer": {"names": ["A", "B", "C", "D"], "_type": "ClassLabel"}}, "builder_name": "parquet", "dataset_name": "mmlu", "config_name": "professional_psychology", "version": {"version_str": "0.0.0", "major": 0, "minor": 0, "patch": 0}, "splits": {"test": {"name": "test", "num_bytes": 242488, "num_examples": 612, "dataset_name": "mmlu"}, "validation": {"name": "validation", "num_bytes": 30961, "num_examples": 69, "dataset_name": "mmlu"}, "dev": {"name": "dev", "num_bytes": 2391, "num_examples": 5, "dataset_name": "mmlu"}}, "download_checksums": {"hf://datasets/cais/mmlu@c30699e8356da336a370243923dbaf21066bb9fe/professional_psychology/test-00000-of-00001.parquet": {"num_bytes": 132551, "checksum": null}, "hf://datasets/cais/mmlu@c30699e8356da336a370243923dbaf21066bb9fe/professional_psychology/validation-00000-of-00001.parquet": {"num_bytes": 22115, "checksum": null}, "hf://datasets/cais/mmlu@c30699e8356da336a370243923dbaf21066bb9fe/professional_psychology/dev-00000-of-00001.parquet": {"num_bytes": 4691, "checksum": null}}, "download_size": 159357, "dataset_size": 275840, "size_in_bytes": 435197}