{"description": "", "citation": "", "homepage": "", "license": "", "features": {"question": {"dtype": "string", "_type": "Value"}, "subject": {"dtype": "string", "_type": "Value"}, "choices": {"feature": {"dtype": "string", "_type": "Value"}, "_type": "Sequence"}, "answer": {"names": ["A", "B", "C", "D"], "_type": "ClassLabel"}}, "builder_name": "parquet", "dataset_name": "mmlu", "config_name": "high_school_geography", "version": {"version_str": "0.0.0", "major": 0, "minor": 0, "patch": 0}, "splits": {"test": {"name": "test", "num_bytes": 46997, "num_examples": 198, "dataset_name": "mmlu"}, "validation": {"name": "validation", "num_bytes": 4873, "num_examples": 22, "dataset_name": "mmlu"}, "dev": {"name": "dev", "num_bytes": 1517, "num_examples": 5, "dataset_name": "mmlu"}}, "download_checksums": {"hf://datasets/cais/mmlu@c30699e8356da336a370243923dbaf21066bb9fe/high_school_geography/test-00000-of-00001.parquet": {"num_bytes": 28162, "checksum": null}, "hf://datasets/cais/mmlu@c30699e8356da336a370243923dbaf21066bb9fe/high_school_geography/validation-00000-of-00001.parquet": {"num_bytes": 6164, "checksum": null}, "hf://datasets/cais/mmlu@c30699e8356da336a370243923dbaf21066bb9fe/high_school_geography/dev-00000-of-00001.parquet": {"num_bytes": 3929, "checksum": null}}, "download_size": 38255, "dataset_size": 53387, "size_in_bytes": 91642}