{"description": "", "citation": "", "homepage": "", "license": "", "features": {"question": {"dtype": "string", "_type": "Value"}, "subject": {"dtype": "string", "_type": "Value"}, "choices": {"feature": {"dtype": "string", "_type": "Value"}, "_type": "Sequence"}, "answer": {"names": ["A", "B", "C", "D"], "_type": "ClassLabel"}}, "builder_name": "parquet", "dataset_name": "mmlu", "config_name": "clinical_knowledge", "version": {"version_str": "0.0.0", "major": 0, "minor": 0, "patch": 0}, "splits": {"test": {"name": "test", "num_bytes": 68606, "num_examples": 265, "dataset_name": "mmlu"}, "validation": {"name": "validation", "num_bytes": 7294, "num_examples": 29, "dataset_name": "mmlu"}, "dev": {"name": "dev", "num_bytes": 1309, "num_examples": 5, "dataset_name": "mmlu"}}, "download_checksums": {"hf://datasets/cais/mmlu@c30699e8356da336a370243923dbaf21066bb9fe/clinical_knowledge/test-00000-of-00001.parquet": {"num_bytes": 40510, "checksum": null}, "hf://datasets/cais/mmlu@c30699e8356da336a370243923dbaf21066bb9fe/clinical_knowledge/validation-00000-of-00001.parquet": {"num_bytes": 7476, "checksum": null}, "hf://datasets/cais/mmlu@c30699e8356da336a370243923dbaf21066bb9fe/clinical_knowledge/dev-00000-of-00001.parquet": {"num_bytes": 3669, "checksum": null}}, "download_size": 51655, "dataset_size": 77209, "size_in_bytes": 128864}