{"description": "", "citation": "", "homepage": "", "license": "", "features": {"question": {"dtype": "string", "_type": "Value"}, "subject": {"dtype": "string", "_type": "Value"}, "choices": {"feature": {"dtype": "string", "_type": "Value"}, "_type": "Sequence"}, "answer": {"names": ["A", "B", "C", "D"], "_type": "ClassLabel"}}, "builder_name": "parquet", "dataset_name": "mmlu", "config_name": "moral_scenarios", "version": {"version_str": "0.0.0", "major": 0, "minor": 0, "patch": 0}, "splits": {"test": {"name": "test", "num_bytes": 391131, "num_examples": 895, "dataset_name": "mmlu"}, "validation": {"name": "validation", "num_bytes": 44239, "num_examples": 100, "dataset_name": "mmlu"}, "dev": {"name": "dev", "num_bytes": 2142, "num_examples": 5, "dataset_name": "mmlu"}}, "download_checksums": {"hf://datasets/cais/mmlu@c30699e8356da336a370243923dbaf21066bb9fe/moral_scenarios/test-00000-of-00001.parquet": {"num_bytes": 89816, "checksum": null}, "hf://datasets/cais/mmlu@c30699e8356da336a370243923dbaf21066bb9fe/moral_scenarios/validation-00000-of-00001.parquet": {"num_bytes": 14916, "checksum": null}, "hf://datasets/cais/mmlu@c30699e8356da336a370243923dbaf21066bb9fe/moral_scenarios/dev-00000-of-00001.parquet": {"num_bytes": 5137, "checksum": null}}, "download_size": 109869, "dataset_size": 437512, "size_in_bytes": 547381}