{"description": "", "citation": "", "homepage": "", "license": "", "features": {"question": {"dtype": "string", "_type": "Value"}, "subject": {"dtype": "string", "_type": "Value"}, "choices": {"feature": {"dtype": "string", "_type": "Value"}, "_type": "Sequence"}, "answer": {"names": ["A", "B", "C", "D"], "_type": "ClassLabel"}}, "builder_name": "parquet", "dataset_name": "mmlu", "config_name": "marketing", "version": {"version_str": "0.0.0", "major": 0, "minor": 0, "patch": 0}, "splits": {"test": {"name": "test", "num_bytes": 66085, "num_examples": 234, "dataset_name": "mmlu"}, "validation": {"name": "validation", "num_bytes": 7711, "num_examples": 25, "dataset_name": "mmlu"}, "dev": {"name": "dev", "num_bytes": 1535, "num_examples": 5, "dataset_name": "mmlu"}}, "download_checksums": {"hf://datasets/cais/mmlu@c30699e8356da336a370243923dbaf21066bb9fe/marketing/test-00000-of-00001.parquet": {"num_bytes": 37259, "checksum": null}, "hf://datasets/cais/mmlu@c30699e8356da336a370243923dbaf21066bb9fe/marketing/validation-00000-of-00001.parquet": {"num_bytes": 8206, "checksum": null}, "hf://datasets/cais/mmlu@c30699e8356da336a370243923dbaf21066bb9fe/marketing/dev-00000-of-00001.parquet": {"num_bytes": 4282, "checksum": null}}, "download_size": 49747, "dataset_size": 75331, "size_in_bytes": 125078}