{"description": "", "citation": "", "homepage": "", "license": "", "features": {"question": {"dtype": "string", "_type": "Value"}, "subject": {"dtype": "string", "_type": "Value"}, "choices": {"feature": {"dtype": "string", "_type": "Value"}, "_type": "Sequence"}, "answer": {"names": ["A", "B", "C", "D"], "_type": "ClassLabel"}}, "builder_name": "parquet", "dataset_name": "mmlu", "config_name": "college_chemistry", "version": {"version_str": "0.0.0", "major": 0, "minor": 0, "patch": 0}, "splits": {"test": {"name": "test", "num_bytes": 26809, "num_examples": 100, "dataset_name": "mmlu"}, "validation": {"name": "validation", "num_bytes": 2485, "num_examples": 8, "dataset_name": "mmlu"}, "dev": {"name": "dev", "num_bytes": 1425, "num_examples": 5, "dataset_name": "mmlu"}}, "download_checksums": {"hf://datasets/cais/mmlu@c30699e8356da336a370243923dbaf21066bb9fe/college_chemistry/test-00000-of-00001.parquet": {"num_bytes": 17877, "checksum": null}, "hf://datasets/cais/mmlu@c30699e8356da336a370243923dbaf21066bb9fe/college_chemistry/validation-00000-of-00001.parquet": {"num_bytes": 4867, "checksum": null}, "hf://datasets/cais/mmlu@c30699e8356da336a370243923dbaf21066bb9fe/college_chemistry/dev-00000-of-00001.parquet": {"num_bytes": 4037, "checksum": null}}, "download_size": 26781, "dataset_size": 30719, "size_in_bytes": 57500}