{"description": "", "citation": "", "homepage": "", "license": "", "features": {"question": {"dtype": "string", "_type": "Value"}, "subject": {"dtype": "string", "_type": "Value"}, "choices": {"feature": {"dtype": "string", "_type": "Value"}, "_type": "Sequence"}, "answer": {"names": ["A", "B", "C", "D"], "_type": "ClassLabel"}}, "builder_name": "parquet", "dataset_name": "mmlu", "config_name": "computer_security", "version": {"version_str": "0.0.0", "major": 0, "minor": 0, "patch": 0}, "splits": {"test": {"name": "test", "num_bytes": 29225, "num_examples": 100, "dataset_name": "mmlu"}, "validation": {"name": "validation", "num_bytes": 4770, "num_examples": 11, "dataset_name": "mmlu"}, "dev": {"name": "dev", "num_bytes": 1195, "num_examples": 5, "dataset_name": "mmlu"}}, "download_checksums": {"hf://datasets/cais/mmlu@c30699e8356da336a370243923dbaf21066bb9fe/computer_security/test-00000-of-00001.parquet": {"num_bytes": 19150, "checksum": null}, "hf://datasets/cais/mmlu@c30699e8356da336a370243923dbaf21066bb9fe/computer_security/validation-00000-of-00001.parquet": {"num_bytes": 6674, "checksum": null}, "hf://datasets/cais/mmlu@c30699e8356da336a370243923dbaf21066bb9fe/computer_security/dev-00000-of-00001.parquet": {"num_bytes": 4326, "checksum": null}}, "download_size": 30150, "dataset_size": 35190, "size_in_bytes": 65340}