{"description": "", "citation": "", "homepage": "", "license": "", "features": {"question": {"dtype": "string", "_type": "Value"}, "subject": {"dtype": "string", "_type": "Value"}, "choices": {"feature": {"dtype": "string", "_type": "Value"}, "_type": "Sequence"}, "answer": {"names": ["A", "B", "C", "D"], "_type": "ClassLabel"}}, "builder_name": "parquet", "dataset_name": "mmlu", "config_name": "international_law", "version": {"version_str": "0.0.0", "major": 0, "minor": 0, "patch": 0}, "splits": {"test": {"name": "test", "num_bytes": 56076, "num_examples": 121, "dataset_name": "mmlu"}, "validation": {"name": "validation", "num_bytes": 6736, "num_examples": 13, "dataset_name": "mmlu"}, "dev": {"name": "dev", "num_bytes": 2512, "num_examples": 5, "dataset_name": "mmlu"}}, "download_checksums": {"hf://datasets/cais/mmlu@c30699e8356da336a370243923dbaf21066bb9fe/international_law/test-00000-of-00001.parquet": {"num_bytes": 29512, "checksum": null}, "hf://datasets/cais/mmlu@c30699e8356da336a370243923dbaf21066bb9fe/international_law/validation-00000-of-00001.parquet": {"num_bytes": 7123, "checksum": null}, "hf://datasets/cais/mmlu@c30699e8356da336a370243923dbaf21066bb9fe/international_law/dev-00000-of-00001.parquet": {"num_bytes": 4957, "checksum": null}}, "download_size": 41592, "dataset_size": 65324, "size_in_bytes": 106916}