{"description": "", "citation": "", "homepage": "", "license": "", "features": {"question": {"dtype": "string", "_type": "Value"}, "subject": {"dtype": "string", "_type": "Value"}, "choices": {"feature": {"dtype": "string", "_type": "Value"}, "_type": "Sequence"}, "answer": {"names": ["A", "B", "C", "D"], "_type": "ClassLabel"}}, "builder_name": "parquet", "dataset_name": "mmlu", "config_name": "nutrition", "version": {"version_str": "0.0.0", "major": 0, "minor": 0, "patch": 0}, "splits": {"test": {"name": "test", "num_bytes": 96415, "num_examples": 306, "dataset_name": "mmlu"}, "validation": {"name": "validation", "num_bytes": 8858, "num_examples": 33, "dataset_name": "mmlu"}, "dev": {"name": "dev", "num_bytes": 2139, "num_examples": 5, "dataset_name": "mmlu"}}, "download_checksums": {"hf://datasets/cais/mmlu@c30699e8356da336a370243923dbaf21066bb9fe/nutrition/test-00000-of-00001.parquet": {"num_bytes": 55041, "checksum": null}, "hf://datasets/cais/mmlu@c30699e8356da336a370243923dbaf21066bb9fe/nutrition/validation-00000-of-00001.parquet": {"num_bytes": 9022, "checksum": null}, "hf://datasets/cais/mmlu@c30699e8356da336a370243923dbaf21066bb9fe/nutrition/dev-00000-of-00001.parquet": {"num_bytes": 4987, "checksum": null}}, "download_size": 69050, "dataset_size": 107412, "size_in_bytes": 176462}