{"description": "", "citation": "", "homepage": "", "license": "", "features": {"question": {"dtype": "string", "_type": "Value"}, "subject": {"dtype": "string", "_type": "Value"}, "choices": {"feature": {"dtype": "string", "_type": "Value"}, "_type": "Sequence"}, "answer": {"names": ["A", "B", "C", "D"], "_type": "ClassLabel"}}, "builder_name": "parquet", "dataset_name": "mmlu", "config_name": "college_computer_science", "version": {"version_str": "0.0.0", "major": 0, "minor": 0, "patch": 0}, "splits": {"test": {"name": "test", "num_bytes": 45442, "num_examples": 100, "dataset_name": "mmlu"}, "validation": {"name": "validation", "num_bytes": 4961, "num_examples": 11, "dataset_name": "mmlu"}, "dev": {"name": "dev", "num_bytes": 2894, "num_examples": 5, "dataset_name": "mmlu"}}, "download_checksums": {"hf://datasets/cais/mmlu@c30699e8356da336a370243923dbaf21066bb9fe/college_computer_science/test-00000-of-00001.parquet": {"num_bytes": 28069, "checksum": null}, "hf://datasets/cais/mmlu@c30699e8356da336a370243923dbaf21066bb9fe/college_computer_science/validation-00000-of-00001.parquet": {"num_bytes": 6251, "checksum": null}, "hf://datasets/cais/mmlu@c30699e8356da336a370243923dbaf21066bb9fe/college_computer_science/dev-00000-of-00001.parquet": {"num_bytes": 6812, "checksum": null}}, "download_size": 41132, "dataset_size": 53297, "size_in_bytes": 94429}