{"description": "", "citation": "", "homepage": "", "license": "", "features": {"question": {"dtype": "string", "_type": "Value"}, "subject": {"dtype": "string", "_type": "Value"}, "choices": {"feature": {"dtype": "string", "_type": "Value"}, "_type": "Sequence"}, "answer": {"names": ["A", "B", "C", "D"], "_type": "ClassLabel"}}, "builder_name": "parquet", "dataset_name": "mmlu", "config_name": "high_school_world_history", "version": {"version_str": "0.0.0", "major": 0, "minor": 0, "patch": 0}, "splits": {"test": {"name": "test", "num_bytes": 385508, "num_examples": 237, "dataset_name": "mmlu"}, "validation": {"name": "validation", "num_bytes": 46247, "num_examples": 26, "dataset_name": "mmlu"}, "dev": {"name": "dev", "num_bytes": 5016, "num_examples": 5, "dataset_name": "mmlu"}}, "download_checksums": {"hf://datasets/cais/mmlu@c30699e8356da336a370243923dbaf21066bb9fe/high_school_world_history/test-00000-of-00001.parquet": {"num_bytes": 201554, "checksum": null}, "hf://datasets/cais/mmlu@c30699e8356da336a370243923dbaf21066bb9fe/high_school_world_history/validation-00000-of-00001.parquet": {"num_bytes": 38500, "checksum": null}, "hf://datasets/cais/mmlu@c30699e8356da336a370243923dbaf21066bb9fe/high_school_world_history/dev-00000-of-00001.parquet": {"num_bytes": 10248, "checksum": null}}, "download_size": 250302, "dataset_size": 436771, "size_in_bytes": 687073}