{"description": "", "citation": "", "homepage": "", "license": "", "features": {"question": {"dtype": "string", "_type": "Value"}, "subject": {"dtype": "string", "_type": "Value"}, "choices": {"feature": {"dtype": "string", "_type": "Value"}, "_type": "Sequence"}, "answer": {"names": ["A", "B", "C", "D"], "_type": "ClassLabel"}}, "builder_name": "parquet", "dataset_name": "mmlu", "config_name": "professional_law", "version": {"version_str": "0.0.0", "major": 0, "minor": 0, "patch": 0}, "splits": {"test": {"name": "test", "num_bytes": 1922622, "num_examples": 1534, "dataset_name": "mmlu"}, "validation": {"name": "validation", "num_bytes": 206929, "num_examples": 170, "dataset_name": "mmlu"}, "dev": {"name": "dev", "num_bytes": 6699, "num_examples": 5, "dataset_name": "mmlu"}}, "download_checksums": {"hf://datasets/cais/mmlu@c30699e8356da336a370243923dbaf21066bb9fe/professional_law/test-00000-of-00001.parquet": {"num_bytes": 1037057, "checksum": null}, "hf://datasets/cais/mmlu@c30699e8356da336a370243923dbaf21066bb9fe/professional_law/validation-00000-of-00001.parquet": {"num_bytes": 115632, "checksum": null}, "hf://datasets/cais/mmlu@c30699e8356da336a370243923dbaf21066bb9fe/professional_law/dev-00000-of-00001.parquet": {"num_bytes": 15139, "checksum": null}}, "download_size": 1167828, "dataset_size": 2136250, "size_in_bytes": 3304078}