{"description": "", "citation": "", "homepage": "", "license": "", "features": {"question": {"dtype": "string", "_type": "Value"}, "subject": {"dtype": "string", "_type": "Value"}, "choices": {"feature": {"dtype": "string", "_type": "Value"}, "_type": "Sequence"}, "answer": {"names": ["A", "B", "C", "D"], "_type": "ClassLabel"}}, "builder_name": "parquet", "dataset_name": "mmlu", "config_name": "us_foreign_policy", "version": {"version_str": "0.0.0", "major": 0, "minor": 0, "patch": 0}, "splits": {"test": {"name": "test", "num_bytes": 30544, "num_examples": 100, "dataset_name": "mmlu"}, "validation": {"name": "validation", "num_bytes": 3485, "num_examples": 11, "dataset_name": "mmlu"}, "dev": {"name": "dev", "num_bytes": 1705, "num_examples": 5, "dataset_name": "mmlu"}}, "download_checksums": {"hf://datasets/cais/mmlu@c30699e8356da336a370243923dbaf21066bb9fe/us_foreign_policy/test-00000-of-00001.parquet": {"num_bytes": 19540, "checksum": null}, "hf://datasets/cais/mmlu@c30699e8356da336a370243923dbaf21066bb9fe/us_foreign_policy/validation-00000-of-00001.parquet": {"num_bytes": 5268, "checksum": null}, "hf://datasets/cais/mmlu@c30699e8356da336a370243923dbaf21066bb9fe/us_foreign_policy/dev-00000-of-00001.parquet": {"num_bytes": 4219, "checksum": null}}, "download_size": 29027, "dataset_size": 35734, "size_in_bytes": 64761}