{"description": "", "citation": "", "homepage": "", "license": "", "features": {"question": {"dtype": "string", "_type": "Value"}, "subject": {"dtype": "string", "_type": "Value"}, "choices": {"feature": {"dtype": "string", "_type": "Value"}, "_type": "Sequence"}, "answer": {"names": ["A", "B", "C", "D"], "_type": "ClassLabel"}}, "builder_name": "parquet", "dataset_name": "mmlu", "config_name": "philosophy", "version": {"version_str": "0.0.0", "major": 0, "minor": 0, "patch": 0}, "splits": {"test": {"name": "test", "num_bytes": 84454, "num_examples": 311, "dataset_name": "mmlu"}, "validation": {"name": "validation", "num_bytes": 9653, "num_examples": 34, "dataset_name": "mmlu"}, "dev": {"name": "dev", "num_bytes": 1047, "num_examples": 5, "dataset_name": "mmlu"}}, "download_checksums": {"hf://datasets/cais/mmlu@c30699e8356da336a370243923dbaf21066bb9fe/philosophy/test-00000-of-00001.parquet": {"num_bytes": 48556, "checksum": null}, "hf://datasets/cais/mmlu@c30699e8356da336a370243923dbaf21066bb9fe/philosophy/validation-00000-of-00001.parquet": {"num_bytes": 9154, "checksum": null}, "hf://datasets/cais/mmlu@c30699e8356da336a370243923dbaf21066bb9fe/philosophy/dev-00000-of-00001.parquet": {"num_bytes": 4202, "checksum": null}}, "download_size": 61912, "dataset_size": 95154, "size_in_bytes": 157066}