{"description": "", "citation": "", "homepage": "", "license": "", "features": {"question": {"dtype": "string", "_type": "Value"}, "subject": {"dtype": "string", "_type": "Value"}, "choices": {"feature": {"dtype": "string", "_type": "Value"}, "_type": "Sequence"}, "answer": {"names": ["A", "B", "C", "D"], "_type": "ClassLabel"}}, "builder_name": "parquet", "dataset_name": "mmlu", "config_name": "astronomy", "version": {"version_str": "0.0.0", "major": 0, "minor": 0, "patch": 0}, "splits": {"test": {"name": "test", "num_bytes": 48754, "num_examples": 152, "dataset_name": "mmlu"}, "validation": {"name": "validation", "num_bytes": 5225, "num_examples": 16, "dataset_name": "mmlu"}, "dev": {"name": "dev", "num_bytes": 2130, "num_examples": 5, "dataset_name": "mmlu"}}, "download_checksums": {"hf://datasets/cais/mmlu@c30699e8356da336a370243923dbaf21066bb9fe/astronomy/test-00000-of-00001.parquet": {"num_bytes": 28323, "checksum": null}, "hf://datasets/cais/mmlu@c30699e8356da336a370243923dbaf21066bb9fe/astronomy/validation-00000-of-00001.parquet": {"num_bytes": 6051, "checksum": null}, "hf://datasets/cais/mmlu@c30699e8356da336a370243923dbaf21066bb9fe/astronomy/dev-00000-of-00001.parquet": {"num_bytes": 4942, "checksum": null}}, "download_size": 39316, "dataset_size": 56109, "size_in_bytes": 95425}