{"description": "", "citation": "", "homepage": "", "license": "", "features": {"question": {"dtype": "string", "_type": "Value"}, "subject": {"dtype": "string", "_type": "Value"}, "choices": {"feature": {"dtype": "string", "_type": "Value"}, "_type": "Sequence"}, "answer": {"names": ["A", "B", "C", "D"], "_type": "ClassLabel"}}, "builder_name": "parquet", "dataset_name": "mmlu", "config_name": "high_school_statistics", "version": {"version_str": "0.0.0", "major": 0, "minor": 0, "patch": 0}, "splits": {"test": {"name": "test", "num_bytes": 116333, "num_examples": 216, "dataset_name": "mmlu"}, "validation": {"name": "validation", "num_bytes": 10586, "num_examples": 23, "dataset_name": "mmlu"}, "dev": {"name": "dev", "num_bytes": 2647, "num_examples": 5, "dataset_name": "mmlu"}}, "download_checksums": {"hf://datasets/cais/mmlu@c30699e8356da336a370243923dbaf21066bb9fe/high_school_statistics/test-00000-of-00001.parquet": {"num_bytes": 57998, "checksum": null}, "hf://datasets/cais/mmlu@c30699e8356da336a370243923dbaf21066bb9fe/high_school_statistics/validation-00000-of-00001.parquet": {"num_bytes": 10852, "checksum": null}, "hf://datasets/cais/mmlu@c30699e8356da336a370243923dbaf21066bb9fe/high_school_statistics/dev-00000-of-00001.parquet": {"num_bytes": 6074, "checksum": null}}, "download_size": 74924, "dataset_size": 129566, "size_in_bytes": 204490}