{"description": "", "citation": "", "homepage": "", "license": "", "features": {"question": {"dtype": "string", "_type": "Value"}, "subject": {"dtype": "string", "_type": "Value"}, "choices": {"feature": {"dtype": "string", "_type": "Value"}, "_type": "Sequence"}, "answer": {"names": ["A", "B", "C", "D"], "_type": "ClassLabel"}}, "builder_name": "parquet", "dataset_name": "mmlu", "config_name": "security_studies", "version": {"version_str": "0.0.0", "major": 0, "minor": 0, "patch": 0}, "splits": {"test": {"name": "test", "num_bytes": 209763, "num_examples": 245, "dataset_name": "mmlu"}, "validation": {"name": "validation", "num_bytes": 23169, "num_examples": 27, "dataset_name": "mmlu"}, "dev": {"name": "dev", "num_bytes": 5424, "num_examples": 5, "dataset_name": "mmlu"}}, "download_checksums": {"hf://datasets/cais/mmlu@c30699e8356da336a370243923dbaf21066bb9fe/security_studies/test-00000-of-00001.parquet": {"num_bytes": 114103, "checksum": null}, "hf://datasets/cais/mmlu@c30699e8356da336a370243923dbaf21066bb9fe/security_studies/validation-00000-of-00001.parquet": {"num_bytes": 18668, "checksum": null}, "hf://datasets/cais/mmlu@c30699e8356da336a370243923dbaf21066bb9fe/security_studies/dev-00000-of-00001.parquet": {"num_bytes": 7487, "checksum": null}}, "download_size": 140258, "dataset_size": 238356, "size_in_bytes": 378614}