{"description": "", "citation": "", "homepage": "", "license": "", "features": {"question": {"dtype": "string", "_type": "Value"}, "subject": {"dtype": "string", "_type": "Value"}, "choices": {"feature": {"dtype": "string", "_type": "Value"}, "_type": "Sequence"}, "answer": {"names": ["A", "B", "C", "D"], "_type": "ClassLabel"}}, "builder_name": "parquet", "dataset_name": "mmlu", "config_name": "human_aging", "version": {"version_str": "0.0.0", "major": 0, "minor": 0, "patch": 0}, "splits": {"test": {"name": "test", "num_bytes": 49459, "num_examples": 223, "dataset_name": "mmlu"}, "validation": {"name": "validation", "num_bytes": 5043, "num_examples": 23, "dataset_name": "mmlu"}, "dev": {"name": "dev", "num_bytes": 1072, "num_examples": 5, "dataset_name": "mmlu"}}, "download_checksums": {"hf://datasets/cais/mmlu@c30699e8356da336a370243923dbaf21066bb9fe/human_aging/test-00000-of-00001.parquet": {"num_bytes": 31249, "checksum": null}, "hf://datasets/cais/mmlu@c30699e8356da336a370243923dbaf21066bb9fe/human_aging/validation-00000-of-00001.parquet": {"num_bytes": 6280, "checksum": null}, "hf://datasets/cais/mmlu@c30699e8356da336a370243923dbaf21066bb9fe/human_aging/dev-00000-of-00001.parquet": {"num_bytes": 3667, "checksum": null}}, "download_size": 41196, "dataset_size": 55574, "size_in_bytes": 96770}