{"description": "", "citation": "", "homepage": "", "license": "", "features": {"question": {"dtype": "string", "_type": "Value"}, "subject": {"dtype": "string", "_type": "Value"}, "choices": {"feature": {"dtype": "string", "_type": "Value"}, "_type": "Sequence"}, "answer": {"names": ["A", "B", "C", "D"], "_type": "ClassLabel"}}, "builder_name": "parquet", "dataset_name": "mmlu", "config_name": "electrical_engineering", "version": {"version_str": "0.0.0", "major": 0, "minor": 0, "patch": 0}, "splits": {"test": {"name": "test", "num_bytes": 28919, "num_examples": 145, "dataset_name": "mmlu"}, "validation": {"name": "validation", "num_bytes": 3309, "num_examples": 16, "dataset_name": "mmlu"}, "dev": {"name": "dev", "num_bytes": 1091, "num_examples": 5, "dataset_name": "mmlu"}}, "download_checksums": {"hf://datasets/cais/mmlu@c30699e8356da336a370243923dbaf21066bb9fe/electrical_engineering/test-00000-of-00001.parquet": {"num_bytes": 17589, "checksum": null}, "hf://datasets/cais/mmlu@c30699e8356da336a370243923dbaf21066bb9fe/electrical_engineering/validation-00000-of-00001.parquet": {"num_bytes": 5078, "checksum": null}, "hf://datasets/cais/mmlu@c30699e8356da336a370243923dbaf21066bb9fe/electrical_engineering/dev-00000-of-00001.parquet": {"num_bytes": 4079, "checksum": null}}, "download_size": 26746, "dataset_size": 33319, "size_in_bytes": 60065}