{"description": "", "citation": "", "homepage": "", "license": "", "features": {"question": {"dtype": "string", "_type": "Value"}, "subject": {"dtype": "string", "_type": "Value"}, "choices": {"feature": {"dtype": "string", "_type": "Value"}, "_type": "Sequence"}, "answer": {"names": ["A", "B", "C", "D"], "_type": "ClassLabel"}}, "builder_name": "parquet", "dataset_name": "mmlu", "config_name": "formal_logic", "version": {"version_str": "0.0.0", "major": 0, "minor": 0, "patch": 0}, "splits": {"test": {"name": "test", "num_bytes": 51805, "num_examples": 126, "dataset_name": "mmlu"}, "validation": {"name": "validation", "num_bytes": 6466, "num_examples": 14, "dataset_name": "mmlu"}, "dev": {"name": "dev", "num_bytes": 1826, "num_examples": 5, "dataset_name": "mmlu"}}, "download_checksums": {"hf://datasets/cais/mmlu@c30699e8356da336a370243923dbaf21066bb9fe/formal_logic/test-00000-of-00001.parquet": {"num_bytes": 21515, "checksum": null}, "hf://datasets/cais/mmlu@c30699e8356da336a370243923dbaf21066bb9fe/formal_logic/validation-00000-of-00001.parquet": {"num_bytes": 6562, "checksum": null}, "hf://datasets/cais/mmlu@c30699e8356da336a370243923dbaf21066bb9fe/formal_logic/dev-00000-of-00001.parquet": {"num_bytes": 4807, "checksum": null}}, "download_size": 32884, "dataset_size": 60097, "size_in_bytes": 92981}