{"description": "", "citation": "", "homepage": "", "license": "", "features": {"question": {"dtype": "string", "_type": "Value"}, "subject": {"dtype": "string", "_type": "Value"}, "choices": {"feature": {"dtype": "string", "_type": "Value"}, "_type": "Sequence"}, "answer": {"names": ["A", "B", "C", "D"], "_type": "ClassLabel"}}, "builder_name": "parquet", "dataset_name": "mmlu", "config_name": "anatomy", "version": {"version_str": "0.0.0", "major": 0, "minor": 0, "patch": 0}, "splits": {"test": {"name": "test", "num_bytes": 34611, "num_examples": 135, "dataset_name": "mmlu"}, "validation": {"name": "validation", "num_bytes": 3284, "num_examples": 14, "dataset_name": "mmlu"}, "dev": {"name": "dev", "num_bytes": 1011, "num_examples": 5, "dataset_name": "mmlu"}}, "download_checksums": {"hf://datasets/cais/mmlu@c30699e8356da336a370243923dbaf21066bb9fe/anatomy/test-00000-of-00001.parquet": {"num_bytes": 20078, "checksum": null}, "hf://datasets/cais/mmlu@c30699e8356da336a370243923dbaf21066bb9fe/anatomy/validation-00000-of-00001.parquet": {"num_bytes": 5283, "checksum": null}, "hf://datasets/cais/mmlu@c30699e8356da336a370243923dbaf21066bb9fe/anatomy/dev-00000-of-00001.parquet": {"num_bytes": 3503, "checksum": null}}, "download_size": 28864, "dataset_size": 38906, "size_in_bytes": 67770}