{"description": "", "citation": "", "homepage": "", "license": "", "features": {"question": {"dtype": "string", "_type": "Value"}, "subject": {"dtype": "string", "_type": "Value"}, "choices": {"feature": {"dtype": "string", "_type": "Value"}, "_type": "Sequence"}, "answer": {"names": ["A", "B", "C", "D"], "_type": "ClassLabel"}}, "builder_name": "parquet", "dataset_name": "mmlu", "config_name": "world_religions", "version": {"version_str": "0.0.0", "major": 0, "minor": 0, "patch": 0}, "splits": {"test": {"name": "test", "num_bytes": 28533, "num_examples": 171, "dataset_name": "mmlu"}, "validation": {"name": "validation", "num_bytes": 3117, "num_examples": 19, "dataset_name": "mmlu"}, "dev": {"name": "dev", "num_bytes": 754, "num_examples": 5, "dataset_name": "mmlu"}}, "download_checksums": {"hf://datasets/cais/mmlu@c30699e8356da336a370243923dbaf21066bb9fe/world_religions/test-00000-of-00001.parquet": {"num_bytes": 18922, "checksum": null}, "hf://datasets/cais/mmlu@c30699e8356da336a370243923dbaf21066bb9fe/world_religions/validation-00000-of-00001.parquet": {"num_bytes": 4940, "checksum": null}, "hf://datasets/cais/mmlu@c30699e8356da336a370243923dbaf21066bb9fe/world_religions/dev-00000-of-00001.parquet": {"num_bytes": 3303, "checksum": null}}, "download_size": 27165, "dataset_size": 32404, "size_in_bytes": 59569}