{"description": "", "citation": "", "homepage": "", "license": "", "features": {"question": {"dtype": "string", "_type": "Value"}, "subject": {"dtype": "string", "_type": "Value"}, "choices": {"feature": {"dtype": "string", "_type": "Value"}, "_type": "Sequence"}, "answer": {"names": ["A", "B", "C", "D"], "_type": "ClassLabel"}}, "builder_name": "parquet", "dataset_name": "mmlu", "config_name": "high_school_microeconomics", "version": {"version_str": "0.0.0", "major": 0, "minor": 0, "patch": 0}, "splits": {"test": {"name": "test", "num_bytes": 82861, "num_examples": 238, "dataset_name": "mmlu"}, "validation": {"name": "validation", "num_bytes": 8325, "num_examples": 26, "dataset_name": "mmlu"}, "dev": {"name": "dev", "num_bytes": 1437, "num_examples": 5, "dataset_name": "mmlu"}}, "download_checksums": {"hf://datasets/cais/mmlu@c30699e8356da336a370243923dbaf21066bb9fe/high_school_microeconomics/test-00000-of-00001.parquet": {"num_bytes": 38827, "checksum": null}, "hf://datasets/cais/mmlu@c30699e8356da336a370243923dbaf21066bb9fe/high_school_microeconomics/validation-00000-of-00001.parquet": {"num_bytes": 7223, "checksum": null}, "hf://datasets/cais/mmlu@c30699e8356da336a370243923dbaf21066bb9fe/high_school_microeconomics/dev-00000-of-00001.parquet": {"num_bytes": 3835, "checksum": null}}, "download_size": 49885, "dataset_size": 92623, "size_in_bytes": 142508}