{"description": "", "citation": "", "homepage": "", "license": "", "features": {"question": {"dtype": "string", "_type": "Value"}, "subject": {"dtype": "string", "_type": "Value"}, "choices": {"feature": {"dtype": "string", "_type": "Value"}, "_type": "Sequence"}, "answer": {"names": ["A", "B", "C", "D"], "_type": "ClassLabel"}}, "builder_name": "parquet", "dataset_name": "mmlu", "config_name": "high_school_psychology", "version": {"version_str": "0.0.0", "major": 0, "minor": 0, "patch": 0}, "splits": {"test": {"name": "test", "num_bytes": 173634, "num_examples": 545, "dataset_name": "mmlu"}, "validation": {"name": "validation", "num_bytes": 18825, "num_examples": 60, "dataset_name": "mmlu"}, "dev": {"name": "dev", "num_bytes": 2024, "num_examples": 5, "dataset_name": "mmlu"}}, "download_checksums": {"hf://datasets/cais/mmlu@c30699e8356da336a370243923dbaf21066bb9fe/high_school_psychology/test-00000-of-00001.parquet": {"num_bytes": 92752, "checksum": null}, "hf://datasets/cais/mmlu@c30699e8356da336a370243923dbaf21066bb9fe/high_school_psychology/validation-00000-of-00001.parquet": {"num_bytes": 15221, "checksum": null}, "hf://datasets/cais/mmlu@c30699e8356da336a370243923dbaf21066bb9fe/high_school_psychology/dev-00000-of-00001.parquet": {"num_bytes": 5185, "checksum": null}}, "download_size": 113158, "dataset_size": 194483, "size_in_bytes": 307641}