{"description": "", "citation": "", "homepage": "", "license": "", "features": {"question": {"dtype": "string", "_type": "Value"}, "subject": {"dtype": "string", "_type": "Value"}, "choices": {"feature": {"dtype": "string", "_type": "Value"}, "_type": "Sequence"}, "answer": {"names": ["A", "B", "C", "D"], "_type": "ClassLabel"}}, "builder_name": "parquet", "dataset_name": "mmlu", "config_name": "high_school_macroeconomics", "version": {"version_str": "0.0.0", "major": 0, "minor": 0, "patch": 0}, "splits": {"test": {"name": "test", "num_bytes": 129424, "num_examples": 390, "dataset_name": "mmlu"}, "validation": {"name": "validation", "num_bytes": 14304, "num_examples": 43, "dataset_name": "mmlu"}, "dev": {"name": "dev", "num_bytes": 1467, "num_examples": 5, "dataset_name": "mmlu"}}, "download_checksums": {"hf://datasets/cais/mmlu@c30699e8356da336a370243923dbaf21066bb9fe/high_school_macroeconomics/test-00000-of-00001.parquet": {"num_bytes": 54819, "checksum": null}, "hf://datasets/cais/mmlu@c30699e8356da336a370243923dbaf21066bb9fe/high_school_macroeconomics/validation-00000-of-00001.parquet": {"num_bytes": 9894, "checksum": null}, "hf://datasets/cais/mmlu@c30699e8356da336a370243923dbaf21066bb9fe/high_school_macroeconomics/dev-00000-of-00001.parquet": {"num_bytes": 4045, "checksum": null}}, "download_size": 68758, "dataset_size": 145195, "size_in_bytes": 213953}