{"description": "", "citation": "", "homepage": "", "license": "", "features": {"question": {"dtype": "string", "_type": "Value"}, "subject": {"dtype": "string", "_type": "Value"}, "choices": {"feature": {"dtype": "string", "_type": "Value"}, "_type": "Sequence"}, "answer": {"names": ["A", "B", "C", "D"], "_type": "ClassLabel"}}, "builder_name": "parquet", "dataset_name": "mmlu", "config_name": "business_ethics", "version": {"version_str": "0.0.0", "major": 0, "minor": 0, "patch": 0}, "splits": {"test": {"name": "test", "num_bytes": 35153, "num_examples": 100, "dataset_name": "mmlu"}, "validation": {"name": "validation", "num_bytes": 3237, "num_examples": 11, "dataset_name": "mmlu"}, "dev": {"name": "dev", "num_bytes": 2274, "num_examples": 5, "dataset_name": "mmlu"}}, "download_checksums": {"hf://datasets/cais/mmlu@c30699e8356da336a370243923dbaf21066bb9fe/business_ethics/test-00000-of-00001.parquet": {"num_bytes": 21566, "checksum": null}, "hf://datasets/cais/mmlu@c30699e8356da336a370243923dbaf21066bb9fe/business_ethics/validation-00000-of-00001.parquet": {"num_bytes": 5094, "checksum": null}, "hf://datasets/cais/mmlu@c30699e8356da336a370243923dbaf21066bb9fe/business_ethics/dev-00000-of-00001.parquet": {"num_bytes": 4959, "checksum": null}}, "download_size": 31619, "dataset_size": 40664, "size_in_bytes": 72283}