{"description": "", "citation": "", "homepage": "", "license": "", "features": {"question": {"dtype": "string", "_type": "Value"}, "subject": {"dtype": "string", "_type": "Value"}, "choices": {"feature": {"dtype": "string", "_type": "Value"}, "_type": "Sequence"}, "answer": {"names": ["A", "B", "C", "D"], "_type": "ClassLabel"}}, "builder_name": "parquet", "dataset_name": "mmlu", "config_name": "college_medicine", "version": {"version_str": "0.0.0", "major": 0, "minor": 0, "patch": 0}, "splits": {"test": {"name": "test", "num_bytes": 85867, "num_examples": 173, "dataset_name": "mmlu"}, "validation": {"name": "validation", "num_bytes": 8340, "num_examples": 22, "dataset_name": "mmlu"}, "dev": {"name": "dev", "num_bytes": 1759, "num_examples": 5, "dataset_name": "mmlu"}}, "download_checksums": {"hf://datasets/cais/mmlu@c30699e8356da336a370243923dbaf21066bb9fe/college_medicine/test-00000-of-00001.parquet": {"num_bytes": 42470, "checksum": null}, "hf://datasets/cais/mmlu@c30699e8356da336a370243923dbaf21066bb9fe/college_medicine/validation-00000-of-00001.parquet": {"num_bytes": 8995, "checksum": null}, "hf://datasets/cais/mmlu@c30699e8356da336a370243923dbaf21066bb9fe/college_medicine/dev-00000-of-00001.parquet": {"num_bytes": 4838, "checksum": null}}, "download_size": 56303, "dataset_size": 95966, "size_in_bytes": 152269}