{"description": "", "citation": "", "homepage": "", "license": "", "features": {"question": {"dtype": "string", "_type": "Value"}, "subject": {"dtype": "string", "_type": "Value"}, "choices": {"feature": {"dtype": "string", "_type": "Value"}, "_type": "Sequence"}, "answer": {"names": ["A", "B", "C", "D"], "_type": "ClassLabel"}}, "builder_name": "parquet", "dataset_name": "mmlu", "config_name": "human_sexuality", "version": {"version_str": "0.0.0", "major": 0, "minor": 0, "patch": 0}, "splits": {"test": {"name": "test", "num_bytes": 34604, "num_examples": 131, "dataset_name": "mmlu"}, "validation": {"name": "validation", "num_bytes": 2639, "num_examples": 12, "dataset_name": "mmlu"}, "dev": {"name": "dev", "num_bytes": 1161, "num_examples": 5, "dataset_name": "mmlu"}}, "download_checksums": {"hf://datasets/cais/mmlu@c30699e8356da336a370243923dbaf21066bb9fe/human_sexuality/test-00000-of-00001.parquet": {"num_bytes": 23185, "checksum": null}, "hf://datasets/cais/mmlu@c30699e8356da336a370243923dbaf21066bb9fe/human_sexuality/validation-00000-of-00001.parquet": {"num_bytes": 5263, "checksum": null}, "hf://datasets/cais/mmlu@c30699e8356da336a370243923dbaf21066bb9fe/human_sexuality/dev-00000-of-00001.parquet": {"num_bytes": 4085, "checksum": null}}, "download_size": 32533, "dataset_size": 38404, "size_in_bytes": 70937}