{"description": "", "citation": "", "homepage": "", "license": "", "features": {"question": {"dtype": "string", "_type": "Value"}, "subject": {"dtype": "string", "_type": "Value"}, "choices": {"feature": {"dtype": "string", "_type": "Value"}, "_type": "Sequence"}, "answer": {"names": ["A", "B", "C", "D"], "_type": "ClassLabel"}}, "builder_name": "parquet", "dataset_name": "mmlu", "config_name": "prehistory", "version": {"version_str": "0.0.0", "major": 0, "minor": 0, "patch": 0}, "splits": {"test": {"name": "test", "num_bytes": 94159, "num_examples": 324, "dataset_name": "mmlu"}, "validation": {"name": "validation", "num_bytes": 10768, "num_examples": 35, "dataset_name": "mmlu"}, "dev": {"name": "dev", "num_bytes": 1937, "num_examples": 5, "dataset_name": "mmlu"}}, "download_checksums": {"hf://datasets/cais/mmlu@c30699e8356da336a370243923dbaf21066bb9fe/prehistory/test-00000-of-00001.parquet": {"num_bytes": 54316, "checksum": null}, "hf://datasets/cais/mmlu@c30699e8356da336a370243923dbaf21066bb9fe/prehistory/validation-00000-of-00001.parquet": {"num_bytes": 9895, "checksum": null}, "hf://datasets/cais/mmlu@c30699e8356da336a370243923dbaf21066bb9fe/prehistory/dev-00000-of-00001.parquet": {"num_bytes": 4615, "checksum": null}}, "download_size": 68826, "dataset_size": 106864, "size_in_bytes": 175690}