{"description": "", "citation": "", "homepage": "", "license": "", "features": {"question": {"dtype": "string", "_type": "Value"}, "subject": {"dtype": "string", "_type": "Value"}, "choices": {"feature": {"dtype": "string", "_type": "Value"}, "_type": "Sequence"}, "answer": {"names": ["A", "B", "C", "D"], "_type": "ClassLabel"}}, "builder_name": "parquet", "dataset_name": "mmlu", "config_name": "high_school_us_history", "version": {"version_str": "0.0.0", "major": 0, "minor": 0, "patch": 0}, "splits": {"test": {"name": "test", "num_bytes": 302052, "num_examples": 204, "dataset_name": "mmlu"}, "validation": {"name": "validation", "num_bytes": 32269, "num_examples": 22, "dataset_name": "mmlu"}, "dev": {"name": "dev", "num_bytes": 8983, "num_examples": 5, "dataset_name": "mmlu"}}, "download_checksums": {"hf://datasets/cais/mmlu@c30699e8356da336a370243923dbaf21066bb9fe/high_school_us_history/test-00000-of-00001.parquet": {"num_bytes": 154916, "checksum": null}, "hf://datasets/cais/mmlu@c30699e8356da336a370243923dbaf21066bb9fe/high_school_us_history/validation-00000-of-00001.parquet": {"num_bytes": 27289, "checksum": null}, "hf://datasets/cais/mmlu@c30699e8356da336a370243923dbaf21066bb9fe/high_school_us_history/dev-00000-of-00001.parquet": {"num_bytes": 17838, "checksum": null}}, "download_size": 200043, "dataset_size": 343304, "size_in_bytes": 543347}