{"description": "", "citation": "", "homepage": "", "license": "", "features": {"question": {"dtype": "string", "_type": "Value"}, "subject": {"dtype": "string", "_type": "Value"}, "choices": {"feature": {"dtype": "string", "_type": "Value"}, "_type": "Sequence"}, "answer": {"names": ["A", "B", "C", "D"], "_type": "ClassLabel"}}, "builder_name": "parquet", "dataset_name": "mmlu", "config_name": "high_school_biology", "version": {"version_str": "0.0.0", "major": 0, "minor": 0, "patch": 0}, "splits": {"test": {"name": "test", "num_bytes": 116889, "num_examples": 310, "dataset_name": "mmlu"}, "validation": {"name": "validation", "num_bytes": 11750, "num_examples": 32, "dataset_name": "mmlu"}, "dev": {"name": "dev", "num_bytes": 1777, "num_examples": 5, "dataset_name": "mmlu"}}, "download_checksums": {"hf://datasets/cais/mmlu@c30699e8356da336a370243923dbaf21066bb9fe/high_school_biology/test-00000-of-00001.parquet": {"num_bytes": 62704, "checksum": null}, "hf://datasets/cais/mmlu@c30699e8356da336a370243923dbaf21066bb9fe/high_school_biology/validation-00000-of-00001.parquet": {"num_bytes": 10573, "checksum": null}, "hf://datasets/cais/mmlu@c30699e8356da336a370243923dbaf21066bb9fe/high_school_biology/dev-00000-of-00001.parquet": {"num_bytes": 4939, "checksum": null}}, "download_size": 78216, "dataset_size": 130416, "size_in_bytes": 208632}