{"description": "", "citation": "", "homepage": "", "license": "", "features": {"question": {"dtype": "string", "_type": "Value"}, "subject": {"dtype": "string", "_type": "Value"}, "choices": {"feature": {"dtype": "string", "_type": "Value"}, "_type": "Sequence"}, "answer": {"names": ["A", "B", "C", "D"], "_type": "ClassLabel"}}, "builder_name": "parquet", "dataset_name": "mmlu", "config_name": "public_relations", "version": {"version_str": "0.0.0", "major": 0, "minor": 0, "patch": 0}, "splits": {"test": {"name": "test", "num_bytes": 30962, "num_examples": 110, "dataset_name": "mmlu"}, "validation": {"name": "validation", "num_bytes": 4796, "num_examples": 12, "dataset_name": "mmlu"}, "dev": {"name": "dev", "num_bytes": 1585, "num_examples": 5, "dataset_name": "mmlu"}}, "download_checksums": {"hf://datasets/cais/mmlu@c30699e8356da336a370243923dbaf21066bb9fe/public_relations/test-00000-of-00001.parquet": {"num_bytes": 20617, "checksum": null}, "hf://datasets/cais/mmlu@c30699e8356da336a370243923dbaf21066bb9fe/public_relations/validation-00000-of-00001.parquet": {"num_bytes": 6448, "checksum": null}, "hf://datasets/cais/mmlu@c30699e8356da336a370243923dbaf21066bb9fe/public_relations/dev-00000-of-00001.parquet": {"num_bytes": 4435, "checksum": null}}, "download_size": 31500, "dataset_size": 37343, "size_in_bytes": 68843}